{
  "iteration": [
    0,
    8,
    16,
    24,
    32,
    40,
    48,
    56,
    64,
    72,
    80,
    88
  ],
  "reward": [
    0.5312102297128598,
    0.506183923694807,
    -0.0017486492399904352,
    0.7832285251976685,
    0.3557808072708911,
    0.28312188446140296,
    0.10237682434031786,
    0.7767727299985623,
    0.03951387431953923,
    0.21908980537923847,
    0.5353115321402304,
    0.7864094733830296
  ],
  "kl": [
    0.012054443359375,
    0.2908172607421875,
    0.16192626953125,
    0.6841354370117188,
    0.71112060546875,
    0.7572021484375,
    0.8714599609375,
    0.8989067077636719,
    0.8683700561523438,
    2.0,
    2.0,
    2.0
  ],
  "length": [
    32.375,
    34.25,
    32.125,
    33.875,
    33.25,
    33.125,
    34.0,
    33.375,
    34.125,
    33.875,
    32.625,
    33.375
  ],
  "distinct_1": [
    0.40540540538975267,
    0.4014598539999467,
    0.4552529182702236,
    0.41328413282607807,
    0.4097744360748205,
    0.4075471697959416,
    0.43014705880771514,
    0.40074906365540264,
    0.41025641024138254,
    0.3505535055221198,
    0.3946360153105503,
    0.44943820223035813
  ]
}