{
  "iteration": [
    0.0,
    16.0,
    32.0,
    48.0,
    64.0,
    80.0,
    96.0,
    112.0,
    128.0,
    144.0,
    160.0,
    176.0,
    192.0,
    208.0,
    224.0,
    240.0,
    256.0,
    272.0,
    288.0
  ],
  "reward": [
    0.8212265108450426,
    0.6428814604471842,
    0.6476223389481979,
    0.42210335723357617,
    0.7602929086751758,
    0.5615647926562457,
    0.43002692557017663,
    0.6002949216545347,
    0.5263306430406838,
    0.7670594852140258,
    0.28341805081416416,
    0.3459195990348899,
    0.3511627501721366,
    0.8583907468902892,
    0.6443948713754113,
    0.8135556618602189,
    0.4891873535844445,
    0.724327317249279,
    0.37294065175255897
  ],
  "kl": [
    0.021471306681632996,
    0.02707444131374359,
    0.047249943017959595,
    0.04579769819974899,
    0.07019874453544617,
    0.053274743258953094,
    0.04829997569322586,
    0.05157933384180069,
    0.06509506702423096,
    0.08777180314064026,
    0.05682264268398285,
    0.04467999190092087,
    0.035560160875320435,
    0.06873419880867004,
    0.06707628816366196,
    0.07062691450119019,
    0.05621038377285004,
    0.05791667103767395,
    0.09374190121889114
  ],
  "length": [
    32.6875,
    31.4375,
    32.0625,
    31.75,
    32.5625,
    32.5625,
    31.5625,
    31.1875,
    31.875,
    32.8125,
    31.875,
    32.0,
    31.5,
    31.6875,
    31.875,
    30.5625,
    32.125,
    33.25,
    31.714285714285715
  ],
  "distinct_1": [
    0.42447418737238096,
    0.5149105367690873,
    0.47173489277832875,
    0.43897637794411465,
    0.4625719769584919,
    0.4836852207200828,
    0.47326732672330163,
    0.48496993987004067,
    0.46274509803014224,
    0.470476190467229,
    0.49411764704913497,
    0.4863281249905014,
    0.5039682539582546,
    0.48717948716987813,
    0.5137254901860053,
    0.48875255622722386,
    0.5155642023245999,
    0.47368421051741194,
    0.6081081080807158
  ]
}