{
  "iteration": [
    0,
    8,
    16,
    24,
    32,
    40,
    48,
    56,
    64,
    72,
    80,
    88
  ],
  "reward": [
    0.5436541362866825,
    0.28803122281331844,
    0.9735160425206727,
    0.7967656909433994,
    1.0315419634471907,
    0.7745644092879997,
    0.30493968853174797,
    1.0034075533973337,
    0.5381553808780427,
    1.030662922094304,
    0.8261449983646628,
    0.7862183515676096
  ],
  "kl": [
    0.2294464111328125,
    0.3742523193359375,
    0.5856094360351562,
    0.43152618408203125,
    0.9951705932617188,
    2.0,
    1.1167831420898438,
    0.9456710815429688,
    1.5056991577148438,
    1.8262863159179688,
    2.0,
    1.9201889038085938
  ],
  "length": [
    33.25,
    32.125,
    32.75,
    31.75,
    32.375,
    32.5,
    32.0,
    33.25,
    31.875,
    31.625,
    32.375,
    33.625
  ],
  "distinct_1": [
    0.5338345864460964,
    0.5797665369424215,
    0.5572519083756774,
    0.5511811023405047,
    0.5752895752673634,
    0.5461538461328402,
    0.597656249976654,
    0.5714285714070891,
    0.5411764705670127,
    0.5415019762631818,
    0.5984555984324921,
    0.5130111523972858
  ]
}